                  epoch,         train/box_loss,        train/pose_loss,        train/kobj_loss,         train/cls_loss,         train/dfl_loss,   metrics/precision(B),      metrics/recall(B),       metrics/mAP50(B),    metrics/mAP50-95(B),   metrics/precision(P),      metrics/recall(P),       metrics/mAP50(P),    metrics/mAP50-95(P),           val/box_loss,          val/pose_loss,          val/kobj_loss,           val/cls_loss,           val/dfl_loss,                 lr/pg0,                 lr/pg1,                 lr/pg2
                      1,                0.58038,                 2.7529,                0.39196,                0.44922,                0.84104,                      0,                      0,                      0,                      0,                      0,                      0,                      0,                      0,                      0,                      0,                      0,                      0,                      0,              0.0033247,              0.0033247,              0.0033247
                      2,                0.59087,                0.87936,                0.22591,                0.45675,                0.83894,                      0,                      0,                      0,                      0,                      0,                      0,                      0,                      0,                      0,                      0,                      0,                      0,                      0,              0.0066361,              0.0066361,              0.0066361
                      3,                 0.6591,                0.80155,                0.15811,                0.50886,                0.85565,                      0,                      0,                      0,                      0,                      0,                      0,                      0,                      0,                      0,                      0,                      0,                      0,                      0,              0.0099255,              0.0099255,              0.0099255
                      4,                0.74958,                 1.1325,                0.13986,                0.59981,                0.88345,                      0,                      0,                      0,                      0,                      0,                      0,                      0,                      0,                      0,                      0,                      0,                      0,                      0,               0.009901,               0.009901,               0.009901
                      5,                0.76483,                 1.1678,                0.13137,                0.60872,                0.88649,                      0,                      0,                      0,                      0,                      0,                      0,                      0,                      0,                      0,                      0,                      0,                      0,                      0,               0.009901,               0.009901,               0.009901
                      6,                0.77667,                  1.147,                0.13095,                0.61706,                0.88712,                      0,                      0,                      0,                      0,                      0,                      0,                      0,                      0,                      0,                      0,                      0,                      0,                      0,               0.009868,               0.009868,               0.009868
                      7,                0.77312,                 1.1453,                0.12406,                0.62131,                0.88779,                      0,                      0,                      0,                      0,                      0,                      0,                      0,                      0,                      0,                      0,                      0,                      0,                      0,               0.009835,               0.009835,               0.009835
                      8,                0.77495,                 1.1521,                0.12328,                0.62109,                0.88878,                      0,                      0,                      0,                      0,                      0,                      0,                      0,                      0,                      0,                      0,                      0,                      0,                      0,               0.009802,               0.009802,               0.009802
                      9,                0.77488,                 1.0993,                0.12202,                0.61414,                0.89114,                      0,                      0,                      0,                      0,                      0,                      0,                      0,                      0,                      0,                      0,                      0,                      0,                      0,               0.009769,               0.009769,               0.009769
                     10,                 0.7694,                 1.0152,                0.12006,                0.61011,                0.88761,                      0,                      0,                      0,                      0,                      0,                      0,                      0,                      0,                      0,                      0,                      0,                      0,                      0,               0.009736,               0.009736,               0.009736
                     11,                0.76393,                  1.012,                0.12109,                0.60134,                0.88518,                      0,                      0,                      0,                      0,                      0,                      0,                      0,                      0,                      0,                      0,                      0,                      0,                      0,               0.009703,               0.009703,               0.009703
                     12,                0.76005,                0.97045,                0.11958,                0.60368,                0.88394,                      0,                      0,                      0,                      0,                      0,                      0,                      0,                      0,                      0,                      0,                      0,                      0,                      0,                0.00967,                0.00967,                0.00967
                     13,                0.75969,                0.96599,                0.11742,                0.60499,                0.88307,                      0,                      0,                      0,                      0,                      0,                      0,                      0,                      0,                      0,                      0,                      0,                      0,                      0,               0.009637,               0.009637,               0.009637
                     14,                0.75478,                0.94122,                0.12122,                 0.5993,                0.88509,                      0,                      0,                      0,                      0,                      0,                      0,                      0,                      0,                      0,                      0,                      0,                      0,                      0,               0.009604,               0.009604,               0.009604
                     15,                0.74955,                0.92071,                0.11859,                0.59854,                0.88468,                      0,                      0,                      0,                      0,                      0,                      0,                      0,                      0,                      0,                      0,                      0,                      0,                      0,               0.009571,               0.009571,               0.009571
                     16,                0.74174,                 0.8794,                0.11698,                0.58937,                0.87829,                      0,                      0,                      0,                      0,                      0,                      0,                      0,                      0,                      0,                      0,                      0,                      0,                      0,               0.009538,               0.009538,               0.009538
                     17,                0.74567,                 0.8941,                0.11351,                0.58722,                0.87728,                      0,                      0,                      0,                      0,                      0,                      0,                      0,                      0,                      0,                      0,                      0,                      0,                      0,               0.009505,               0.009505,               0.009505
                     18,                0.74065,                0.89092,                0.11135,                0.58622,                0.87763,                      0,                      0,                      0,                      0,                      0,                      0,                      0,                      0,                      0,                      0,                      0,                      0,                      0,               0.009472,               0.009472,               0.009472
                     19,                0.74009,                0.88107,                0.11309,                0.59027,                0.87767,                      0,                      0,                      0,                      0,                      0,                      0,                      0,                      0,                      0,                      0,                      0,                      0,                      0,               0.009439,               0.009439,               0.009439
                     20,                0.73347,                0.86532,                0.11184,                0.58098,                0.87459,                      0,                      0,                      0,                      0,                      0,                      0,                      0,                      0,                      0,                      0,                      0,                      0,                      0,               0.009406,               0.009406,               0.009406
                     21,                0.73456,                0.82627,                0.11113,                0.58134,                0.87394,                      0,                      0,                      0,                      0,                      0,                      0,                      0,                      0,                      0,                      0,                      0,                      0,                      0,               0.009373,               0.009373,               0.009373
                     22,                0.73834,                 0.9103,                 0.1125,                  0.586,                0.87862,                      0,                      0,                      0,                      0,                      0,                      0,                      0,                      0,                      0,                      0,                      0,                      0,                      0,                0.00934,                0.00934,                0.00934
                     23,                  0.735,                 0.8641,                0.11136,                0.57957,                0.87345,                      0,                      0,                      0,                      0,                      0,                      0,                      0,                      0,                      0,                      0,                      0,                      0,                      0,               0.009307,               0.009307,               0.009307
                     24,                0.72618,                0.83401,                0.10414,                 0.5726,                0.87209,                      0,                      0,                      0,                      0,                      0,                      0,                      0,                      0,                      0,                      0,                      0,                      0,                      0,               0.009274,               0.009274,               0.009274
                     25,                0.72923,                0.82148,                0.10697,                0.57464,                 0.8731,                      0,                      0,                      0,                      0,                      0,                      0,                      0,                      0,                      0,                      0,                      0,                      0,                      0,               0.009241,               0.009241,               0.009241
                     26,                0.72667,                0.86692,                0.10297,                0.57376,                0.87225,                      0,                      0,                      0,                      0,                      0,                      0,                      0,                      0,                      0,                      0,                      0,                      0,                      0,               0.009208,               0.009208,               0.009208
                     27,                0.72096,                0.78821,                0.10311,                0.56997,                0.86929,                      0,                      0,                      0,                      0,                      0,                      0,                      0,                      0,                      0,                      0,                      0,                      0,                      0,               0.009175,               0.009175,               0.009175
                     28,                0.72083,                0.82899,                0.10408,                0.56711,                0.87094,                      0,                      0,                      0,                      0,                      0,                      0,                      0,                      0,                      0,                      0,                      0,                      0,                      0,               0.009142,               0.009142,               0.009142
                     29,                0.72885,                0.86275,                0.10366,                0.57776,                0.87405,                      0,                      0,                      0,                      0,                      0,                      0,                      0,                      0,                      0,                      0,                      0,                      0,                      0,               0.009109,               0.009109,               0.009109
                     30,                0.71881,                0.77218,                0.10385,                0.56515,                0.87093,                      0,                      0,                      0,                      0,                      0,                      0,                      0,                      0,                      0,                      0,                      0,                      0,                      0,               0.009076,               0.009076,               0.009076
                     31,                0.72011,                0.76999,                0.10223,                0.56743,                0.87292,                      0,                      0,                      0,                      0,                      0,                      0,                      0,                      0,                      0,                      0,                      0,                      0,                      0,               0.009043,               0.009043,               0.009043
                     32,                0.71866,                0.79553,                0.09824,                0.56969,                0.86752,                      0,                      0,                      0,                      0,                      0,                      0,                      0,                      0,                      0,                      0,                      0,                      0,                      0,                0.00901,                0.00901,                0.00901
                     33,                0.71587,                0.77663,                0.10076,                0.56247,                0.86817,                      0,                      0,                      0,                      0,                      0,                      0,                      0,                      0,                      0,                      0,                      0,                      0,                      0,               0.008977,               0.008977,               0.008977
                     34,                0.71521,                0.78297,                 0.0989,                0.55999,                0.87015,                      0,                      0,                      0,                      0,                      0,                      0,                      0,                      0,                      0,                      0,                      0,                      0,                      0,               0.008944,               0.008944,               0.008944
                     35,                0.70971,                0.75285,                0.10035,                0.55885,                0.86852,                      0,                      0,                      0,                      0,                      0,                      0,                      0,                      0,                      0,                      0,                      0,                      0,                      0,               0.008911,               0.008911,               0.008911
                     36,                0.70901,                0.73285,                0.09825,                0.55905,                0.86686,                      0,                      0,                      0,                      0,                      0,                      0,                      0,                      0,                      0,                      0,                      0,                      0,                      0,               0.008878,               0.008878,               0.008878
                     37,                0.71316,                0.80614,                0.09848,                0.56096,                0.86905,                      0,                      0,                      0,                      0,                      0,                      0,                      0,                      0,                      0,                      0,                      0,                      0,                      0,               0.008845,               0.008845,               0.008845
                     38,                0.70933,                0.76181,                0.09491,                 0.5586,                0.86878,                      0,                      0,                      0,                      0,                      0,                      0,                      0,                      0,                      0,                      0,                      0,                      0,                      0,               0.008812,               0.008812,               0.008812
                     39,                0.70478,                0.74095,                0.09479,                0.55306,                0.86207,                      0,                      0,                      0,                      0,                      0,                      0,                      0,                      0,                      0,                      0,                      0,                      0,                      0,               0.008779,               0.008779,               0.008779
                     40,                0.69811,                 0.7182,                0.09242,                0.54943,                0.86241,                      0,                      0,                      0,                      0,                      0,                      0,                      0,                      0,                      0,                      0,                      0,                      0,                      0,               0.008746,               0.008746,               0.008746
                     41,                0.70935,                 0.7603,                0.09546,                0.55856,                0.86535,                      0,                      0,                      0,                      0,                      0,                      0,                      0,                      0,                      0,                      0,                      0,                      0,                      0,               0.008713,               0.008713,               0.008713
                     42,                0.71417,                0.73335,                0.09602,                0.55789,                0.86569,                      0,                      0,                      0,                      0,                      0,                      0,                      0,                      0,                      0,                      0,                      0,                      0,                      0,                0.00868,                0.00868,                0.00868
                     43,                0.70601,                0.69666,                0.09507,                0.55531,                0.86451,                      0,                      0,                      0,                      0,                      0,                      0,                      0,                      0,                      0,                      0,                      0,                      0,                      0,               0.008647,               0.008647,               0.008647
                     44,                0.70375,                0.78743,                0.09328,                0.55699,                0.86611,                      0,                      0,                      0,                      0,                      0,                      0,                      0,                      0,                      0,                      0,                      0,                      0,                      0,               0.008614,               0.008614,               0.008614
                     45,                0.69462,                0.66997,                0.09071,                0.54476,                0.86246,                      0,                      0,                      0,                      0,                      0,                      0,                      0,                      0,                      0,                      0,                      0,                      0,                      0,               0.008581,               0.008581,               0.008581
                     46,                0.70651,                0.74336,                 0.0926,                0.55479,                0.86605,                      0,                      0,                      0,                      0,                      0,                      0,                      0,                      0,                      0,                      0,                      0,                      0,                      0,               0.008548,               0.008548,               0.008548
                     47,                0.69507,                0.65942,                0.09238,                0.54217,                0.86296,                      0,                      0,                      0,                      0,                      0,                      0,                      0,                      0,                      0,                      0,                      0,                      0,                      0,               0.008515,               0.008515,               0.008515
                     48,                0.69533,                0.70468,                0.09133,                0.54295,                0.86012,                      0,                      0,                      0,                      0,                      0,                      0,                      0,                      0,                      0,                      0,                      0,                      0,                      0,               0.008482,               0.008482,               0.008482
                     49,                0.69449,                0.73313,                  0.089,                0.54398,                0.86095,                      0,                      0,                      0,                      0,                      0,                      0,                      0,                      0,                      0,                      0,                      0,                      0,                      0,               0.008449,               0.008449,               0.008449
                     50,                0.69669,                0.70574,                0.08896,                0.54771,                0.86301,                      0,                      0,                      0,                      0,                      0,                      0,                      0,                      0,                      0,                      0,                      0,                      0,                      0,               0.008416,               0.008416,               0.008416
                     51,                0.69698,                0.69486,                0.09143,                0.54883,                0.86407,                      0,                      0,                      0,                      0,                      0,                      0,                      0,                      0,                      0,                      0,                      0,                      0,                      0,               0.008383,               0.008383,               0.008383
                     52,                0.69405,                0.71032,                0.08986,                0.54159,                0.86038,                      0,                      0,                      0,                      0,                      0,                      0,                      0,                      0,                      0,                      0,                      0,                      0,                      0,                0.00835,                0.00835,                0.00835
                     53,                0.68891,                0.69255,                0.08721,                0.54155,                0.86009,                      0,                      0,                      0,                      0,                      0,                      0,                      0,                      0,                      0,                      0,                      0,                      0,                      0,               0.008317,               0.008317,               0.008317
                     54,                0.69058,                0.68604,                0.09108,                0.54254,                0.86195,                      0,                      0,                      0,                      0,                      0,                      0,                      0,                      0,                      0,                      0,                      0,                      0,                      0,               0.008284,               0.008284,               0.008284
                     55,                0.68455,                 0.6612,                0.08768,                0.54002,                0.85898,                      0,                      0,                      0,                      0,                      0,                      0,                      0,                      0,                      0,                      0,                      0,                      0,                      0,               0.008251,               0.008251,               0.008251
                     56,                0.69102,                0.68266,                0.08619,                0.53782,                0.85731,                      0,                      0,                      0,                      0,                      0,                      0,                      0,                      0,                      0,                      0,                      0,                      0,                      0,               0.008218,               0.008218,               0.008218
                     57,                 0.6885,                0.67054,                0.08638,                0.54047,                0.85861,                      0,                      0,                      0,                      0,                      0,                      0,                      0,                      0,                      0,                      0,                      0,                      0,                      0,               0.008185,               0.008185,               0.008185
                     58,                0.69753,                 0.7201,                0.08789,                0.54549,                0.86027,                      0,                      0,                      0,                      0,                      0,                      0,                      0,                      0,                      0,                      0,                      0,                      0,                      0,               0.008152,               0.008152,               0.008152
                     59,                0.68891,                0.69184,                0.08841,                0.54042,                 0.8596,                      0,                      0,                      0,                      0,                      0,                      0,                      0,                      0,                      0,                      0,                      0,                      0,                      0,               0.008119,               0.008119,               0.008119
                     60,                0.68225,                0.68038,                0.08441,                0.53591,                0.85648,                      0,                      0,                      0,                      0,                      0,                      0,                      0,                      0,                      0,                      0,                      0,                      0,                      0,               0.008086,               0.008086,               0.008086
                     61,                0.68954,                0.65895,                0.08594,                0.53843,                0.85686,                      0,                      0,                      0,                      0,                      0,                      0,                      0,                      0,                      0,                      0,                      0,                      0,                      0,               0.008053,               0.008053,               0.008053
                     62,                0.68568,                0.64721,                0.08495,                0.52964,                0.85793,                      0,                      0,                      0,                      0,                      0,                      0,                      0,                      0,                      0,                      0,                      0,                      0,                      0,                0.00802,                0.00802,                0.00802
                     63,                0.67527,                0.63303,                0.08265,                0.52907,                0.85528,                      0,                      0,                      0,                      0,                      0,                      0,                      0,                      0,                      0,                      0,                      0,                      0,                      0,               0.007987,               0.007987,               0.007987
                     64,                0.67989,                0.63188,                0.08738,                0.53036,                0.85733,                      0,                      0,                      0,                      0,                      0,                      0,                      0,                      0,                      0,                      0,                      0,                      0,                      0,               0.007954,               0.007954,               0.007954
                     65,                0.67912,                0.67019,                0.08098,                0.52959,                0.85378,                      0,                      0,                      0,                      0,                      0,                      0,                      0,                      0,                      0,                      0,                      0,                      0,                      0,               0.007921,               0.007921,               0.007921
                     66,                0.67606,                0.66441,                0.08535,                0.52858,                 0.8559,                      0,                      0,                      0,                      0,                      0,                      0,                      0,                      0,                      0,                      0,                      0,                      0,                      0,               0.007888,               0.007888,               0.007888
                     67,                 0.6721,                0.60452,                0.08158,                0.52217,                 0.8521,                      0,                      0,                      0,                      0,                      0,                      0,                      0,                      0,                      0,                      0,                      0,                      0,                      0,               0.007855,               0.007855,               0.007855
                     68,                0.67484,                 0.6314,                0.08248,                 0.5242,                0.85227,                      0,                      0,                      0,                      0,                      0,                      0,                      0,                      0,                      0,                      0,                      0,                      0,                      0,               0.007822,               0.007822,               0.007822
                     69,                0.67501,                0.65915,                0.08013,                0.52202,                0.85402,                      0,                      0,                      0,                      0,                      0,                      0,                      0,                      0,                      0,                      0,                      0,                      0,                      0,               0.007789,               0.007789,               0.007789
                     70,                0.66825,                 0.6383,                0.08243,                0.52486,                0.85169,                      0,                      0,                      0,                      0,                      0,                      0,                      0,                      0,                      0,                      0,                      0,                      0,                      0,               0.007756,               0.007756,               0.007756
                     71,                0.66395,                0.57149,                0.08073,                0.51737,                0.85179,                      0,                      0,                      0,                      0,                      0,                      0,                      0,                      0,                      0,                      0,                      0,                      0,                      0,               0.007723,               0.007723,               0.007723
                     72,                0.67127,                0.63734,                0.08395,                0.52437,                0.85105,                      0,                      0,                      0,                      0,                      0,                      0,                      0,                      0,                      0,                      0,                      0,                      0,                      0,                0.00769,                0.00769,                0.00769
                     73,                0.67312,                0.60727,                0.08188,                  0.524,                0.85223,                      0,                      0,                      0,                      0,                      0,                      0,                      0,                      0,                      0,                      0,                      0,                      0,                      0,               0.007657,               0.007657,               0.007657
                     74,                0.66956,                0.59219,                0.07913,                0.52401,                0.85322,                      0,                      0,                      0,                      0,                      0,                      0,                      0,                      0,                      0,                      0,                      0,                      0,                      0,               0.007624,               0.007624,               0.007624
                     75,                0.66516,                0.60483,                0.08283,                0.52235,                0.84945,                      0,                      0,                      0,                      0,                      0,                      0,                      0,                      0,                      0,                      0,                      0,                      0,                      0,               0.007591,               0.007591,               0.007591
                     76,                0.66726,                0.62486,                0.08257,                0.52025,                0.84952,                      0,                      0,                      0,                      0,                      0,                      0,                      0,                      0,                      0,                      0,                      0,                      0,                      0,               0.007558,               0.007558,               0.007558
                     77,                 0.6648,                0.60447,                0.08142,                0.51819,                0.85183,                      0,                      0,                      0,                      0,                      0,                      0,                      0,                      0,                      0,                      0,                      0,                      0,                      0,               0.007525,               0.007525,               0.007525
                     78,                0.66369,                0.61598,                0.08058,                0.51836,                0.85012,                      0,                      0,                      0,                      0,                      0,                      0,                      0,                      0,                      0,                      0,                      0,                      0,                      0,               0.007492,               0.007492,               0.007492
                     79,                0.66425,                0.59567,                0.08006,                0.51938,                0.84894,                      0,                      0,                      0,                      0,                      0,                      0,                      0,                      0,                      0,                      0,                      0,                      0,                      0,               0.007459,               0.007459,               0.007459
                     80,                0.65806,                0.56043,                0.08089,                0.51485,                0.84782,                      0,                      0,                      0,                      0,                      0,                      0,                      0,                      0,                      0,                      0,                      0,                      0,                      0,               0.007426,               0.007426,               0.007426
                     81,                0.66364,                0.63227,                0.07816,                0.51655,                0.85032,                      0,                      0,                      0,                      0,                      0,                      0,                      0,                      0,                      0,                      0,                      0,                      0,                      0,               0.007393,               0.007393,               0.007393
                     82,                 0.6486,                0.49821,                0.07776,                0.50436,                0.84984,                      0,                      0,                      0,                      0,                      0,                      0,                      0,                      0,                      0,                      0,                      0,                      0,                      0,                0.00736,                0.00736,                0.00736
                     83,                0.65566,                0.56201,                0.08448,                 0.5106,                0.84811,                      0,                      0,                      0,                      0,                      0,                      0,                      0,                      0,                      0,                      0,                      0,                      0,                      0,               0.007327,               0.007327,               0.007327
                     84,                0.66229,                0.53725,                0.07994,                0.51303,                0.85158,                      0,                      0,                      0,                      0,                      0,                      0,                      0,                      0,                      0,                      0,                      0,                      0,                      0,               0.007294,               0.007294,               0.007294
                     85,                0.66243,                0.56506,                0.08042,                0.51545,                0.85144,                      0,                      0,                      0,                      0,                      0,                      0,                      0,                      0,                      0,                      0,                      0,                      0,                      0,               0.007261,               0.007261,               0.007261
                     86,                 0.6623,                 0.6219,                0.08181,                0.51494,                0.85167,                      0,                      0,                      0,                      0,                      0,                      0,                      0,                      0,                      0,                      0,                      0,                      0,                      0,               0.007228,               0.007228,               0.007228
                     87,                0.66269,                0.60972,                0.08403,                0.52043,                0.84936,                      0,                      0,                      0,                      0,                      0,                      0,                      0,                      0,                      0,                      0,                      0,                      0,                      0,               0.007195,               0.007195,               0.007195
                     88,                0.65772,                0.55785,                0.08153,                0.51204,                0.85056,                      0,                      0,                      0,                      0,                      0,                      0,                      0,                      0,                      0,                      0,                      0,                      0,                      0,               0.007162,               0.007162,               0.007162
                     89,                0.66074,                 0.6079,                0.07994,                0.51822,                0.85076,                      0,                      0,                      0,                      0,                      0,                      0,                      0,                      0,                      0,                      0,                      0,                      0,                      0,               0.007129,               0.007129,               0.007129
                     90,                0.66093,                0.60975,                0.07907,                0.51226,                0.85081,                      0,                      0,                      0,                      0,                      0,                      0,                      0,                      0,                      0,                      0,                      0,                      0,                      0,               0.007096,               0.007096,               0.007096
                     91,                0.66099,                0.56893,                0.07629,                 0.5139,                0.85023,                      0,                      0,                      0,                      0,                      0,                      0,                      0,                      0,                      0,                      0,                      0,                      0,                      0,               0.007063,               0.007063,               0.007063
                     92,                  0.658,                 0.5789,                0.07757,                0.50937,                0.84973,                      0,                      0,                      0,                      0,                      0,                      0,                      0,                      0,                      0,                      0,                      0,                      0,                      0,                0.00703,                0.00703,                0.00703
                     93,                0.65832,                 0.5645,                0.07638,                0.51207,                0.84993,                      0,                      0,                      0,                      0,                      0,                      0,                      0,                      0,                      0,                      0,                      0,                      0,                      0,               0.006997,               0.006997,               0.006997
                     94,                0.65699,                0.58101,                0.07722,                0.51158,                0.84855,                      0,                      0,                      0,                      0,                      0,                      0,                      0,                      0,                      0,                      0,                      0,                      0,                      0,               0.006964,               0.006964,               0.006964
                     95,                0.65341,                0.54081,                 0.0804,                0.51066,                0.85057,                      0,                      0,                      0,                      0,                      0,                      0,                      0,                      0,                      0,                      0,                      0,                      0,                      0,               0.006931,               0.006931,               0.006931
                     96,                0.65814,                0.58002,                0.07862,                0.51356,                 0.8511,                      0,                      0,                      0,                      0,                      0,                      0,                      0,                      0,                      0,                      0,                      0,                      0,                      0,               0.006898,               0.006898,               0.006898
                     97,                0.65106,                0.53967,                0.07854,                0.50558,                0.84797,                      0,                      0,                      0,                      0,                      0,                      0,                      0,                      0,                      0,                      0,                      0,                      0,                      0,               0.006865,               0.006865,               0.006865
                     98,                0.65613,                0.55069,                0.07614,                0.51213,                0.84706,                      0,                      0,                      0,                      0,                      0,                      0,                      0,                      0,                      0,                      0,                      0,                      0,                      0,               0.006832,               0.006832,               0.006832
                     99,                 0.6539,                0.59414,                0.07563,                 0.5138,                0.84715,                      0,                      0,                      0,                      0,                      0,                      0,                      0,                      0,                      0,                      0,                      0,                      0,                      0,               0.006799,               0.006799,               0.006799
                    100,                0.65536,                0.55652,                0.07565,                0.50737,                0.84816,                      0,                      0,                      0,                      0,                      0,                      0,                      0,                      0,                      0,                      0,                      0,                      0,                      0,               0.006766,               0.006766,               0.006766
                    101,                0.65048,                0.56781,                0.07433,                0.50487,                0.84607,                      0,                      0,                      0,                      0,                      0,                      0,                      0,                      0,                      0,                      0,                      0,                      0,                      0,               0.006733,               0.006733,               0.006733
                    102,                0.65451,                0.58649,                0.07497,                0.50803,                0.84707,                      0,                      0,                      0,                      0,                      0,                      0,                      0,                      0,                      0,                      0,                      0,                      0,                      0,                 0.0067,                 0.0067,                 0.0067
                    103,                0.65022,                 0.5775,                0.07729,                0.50523,                0.84817,                      0,                      0,                      0,                      0,                      0,                      0,                      0,                      0,                      0,                      0,                      0,                      0,                      0,               0.006667,               0.006667,               0.006667
                    104,                0.64626,                0.54964,                0.07981,                0.50404,                 0.8453,                      0,                      0,                      0,                      0,                      0,                      0,                      0,                      0,                      0,                      0,                      0,                      0,                      0,               0.006634,               0.006634,               0.006634
                    105,                 0.6472,                0.56506,                0.07354,                0.50493,                0.84429,                      0,                      0,                      0,                      0,                      0,                      0,                      0,                      0,                      0,                      0,                      0,                      0,                      0,               0.006601,               0.006601,               0.006601
                    106,                0.64897,                0.54067,                 0.0752,                0.50221,                0.84506,                      0,                      0,                      0,                      0,                      0,                      0,                      0,                      0,                      0,                      0,                      0,                      0,                      0,               0.006568,               0.006568,               0.006568
                    107,                0.64817,                0.53611,                0.07302,                0.50552,                0.84437,                      0,                      0,                      0,                      0,                      0,                      0,                      0,                      0,                      0,                      0,                      0,                      0,                      0,               0.006535,               0.006535,               0.006535
                    108,                 0.6458,                0.55702,                0.07282,                0.50024,                0.84336,                      0,                      0,                      0,                      0,                      0,                      0,                      0,                      0,                      0,                      0,                      0,                      0,                      0,               0.006502,               0.006502,               0.006502
                    109,                0.64376,                0.53998,                0.07757,                0.50028,                0.84429,                      0,                      0,                      0,                      0,                      0,                      0,                      0,                      0,                      0,                      0,                      0,                      0,                      0,               0.006469,               0.006469,               0.006469
                    110,                0.64793,                 0.5519,                  0.075,                0.50304,                0.84609,                      0,                      0,                      0,                      0,                      0,                      0,                      0,                      0,                      0,                      0,                      0,                      0,                      0,               0.006436,               0.006436,               0.006436
                    111,                0.64226,                0.51289,                0.07317,                0.49535,                0.84406,                      0,                      0,                      0,                      0,                      0,                      0,                      0,                      0,                      0,                      0,                      0,                      0,                      0,               0.006403,               0.006403,               0.006403
                    112,                0.64142,                0.50408,                0.07249,                0.49721,                0.84574,                      0,                      0,                      0,                      0,                      0,                      0,                      0,                      0,                      0,                      0,                      0,                      0,                      0,                0.00637,                0.00637,                0.00637
                    113,                0.64118,                0.51034,                0.07159,                0.49699,                0.84223,                      0,                      0,                      0,                      0,                      0,                      0,                      0,                      0,                      0,                      0,                      0,                      0,                      0,               0.006337,               0.006337,               0.006337
                    114,                0.64344,                0.52478,                0.07152,                0.49574,                0.84399,                      0,                      0,                      0,                      0,                      0,                      0,                      0,                      0,                      0,                      0,                      0,                      0,                      0,               0.006304,               0.006304,               0.006304
                    115,                0.63989,                0.50143,                0.07124,                0.49668,                0.84441,                      0,                      0,                      0,                      0,                      0,                      0,                      0,                      0,                      0,                      0,                      0,                      0,                      0,               0.006271,               0.006271,               0.006271
                    116,                0.64114,                0.50106,                0.07188,                0.49604,                0.84425,                      0,                      0,                      0,                      0,                      0,                      0,                      0,                      0,                      0,                      0,                      0,                      0,                      0,               0.006238,               0.006238,               0.006238
                    117,                0.63831,                0.50644,                0.07136,                 0.4961,                0.84327,                      0,                      0,                      0,                      0,                      0,                      0,                      0,                      0,                      0,                      0,                      0,                      0,                      0,               0.006205,               0.006205,               0.006205
                    118,                0.63745,                0.50316,                0.07174,                0.49167,                0.84321,                      0,                      0,                      0,                      0,                      0,                      0,                      0,                      0,                      0,                      0,                      0,                      0,                      0,               0.006172,               0.006172,               0.006172
                    119,                0.62342,                0.41194,                0.06793,                0.48228,                0.84121,                      0,                      0,                      0,                      0,                      0,                      0,                      0,                      0,                      0,                      0,                      0,                      0,                      0,               0.006139,               0.006139,               0.006139
                    120,                0.63107,                0.46606,                0.07215,                0.49002,                0.83992,                      0,                      0,                      0,                      0,                      0,                      0,                      0,                      0,                      0,                      0,                      0,                      0,                      0,               0.006106,               0.006106,               0.006106
                    121,                0.63363,                0.44138,                0.07025,                0.48958,                0.84285,                      0,                      0,                      0,                      0,                      0,                      0,                      0,                      0,                      0,                      0,                      0,                      0,                      0,               0.006073,               0.006073,               0.006073
                    122,                 0.6334,                0.47104,                0.07098,                0.48927,                0.84183,                      0,                      0,                      0,                      0,                      0,                      0,                      0,                      0,                      0,                      0,                      0,                      0,                      0,                0.00604,                0.00604,                0.00604
                    123,                0.63414,                0.50705,                0.07212,                0.48885,                0.84299,                      0,                      0,                      0,                      0,                      0,                      0,                      0,                      0,                      0,                      0,                      0,                      0,                      0,               0.006007,               0.006007,               0.006007
                    124,                0.63537,                0.51071,                0.07448,                0.49398,                 0.8416,                      0,                      0,                      0,                      0,                      0,                      0,                      0,                      0,                      0,                      0,                      0,                      0,                      0,               0.005974,               0.005974,               0.005974
                    125,                0.63439,                0.48218,                0.06978,                 0.4902,                0.84351,                      0,                      0,                      0,                      0,                      0,                      0,                      0,                      0,                      0,                      0,                      0,                      0,                      0,               0.005941,               0.005941,               0.005941
                    126,                0.63328,                0.51816,                0.07024,                0.49393,                0.84264,                      0,                      0,                      0,                      0,                      0,                      0,                      0,                      0,                      0,                      0,                      0,                      0,                      0,               0.005908,               0.005908,               0.005908
                    127,                0.62885,                0.50568,                0.07098,                0.48419,                0.84115,                      0,                      0,                      0,                      0,                      0,                      0,                      0,                      0,                      0,                      0,                      0,                      0,                      0,               0.005875,               0.005875,               0.005875
                    128,                0.63176,                0.48551,                0.06959,                0.48992,                 0.8423,                      0,                      0,                      0,                      0,                      0,                      0,                      0,                      0,                      0,                      0,                      0,                      0,                      0,               0.005842,               0.005842,               0.005842
                    129,                0.63165,                0.50522,                0.07237,                0.48811,                 0.8412,                      0,                      0,                      0,                      0,                      0,                      0,                      0,                      0,                      0,                      0,                      0,                      0,                      0,               0.005809,               0.005809,               0.005809
                    130,                0.63134,                0.50807,                0.06871,                0.48967,                 0.8413,                      0,                      0,                      0,                      0,                      0,                      0,                      0,                      0,                      0,                      0,                      0,                      0,                      0,               0.005776,               0.005776,               0.005776
                    131,                0.63273,                 0.4787,                0.06736,                0.49026,                0.84013,                      0,                      0,                      0,                      0,                      0,                      0,                      0,                      0,                      0,                      0,                      0,                      0,                      0,               0.005743,               0.005743,               0.005743
                    132,                0.63221,                0.48185,                0.07114,                0.49292,                0.84376,                      0,                      0,                      0,                      0,                      0,                      0,                      0,                      0,                      0,                      0,                      0,                      0,                      0,                0.00571,                0.00571,                0.00571
                    133,                0.62952,                0.47963,                0.07104,                0.48892,                0.84295,                      0,                      0,                      0,                      0,                      0,                      0,                      0,                      0,                      0,                      0,                      0,                      0,                      0,               0.005677,               0.005677,               0.005677
                    134,                 0.6293,                0.47384,                0.06995,                0.48809,                0.84061,                      0,                      0,                      0,                      0,                      0,                      0,                      0,                      0,                      0,                      0,                      0,                      0,                      0,               0.005644,               0.005644,               0.005644
                    135,                0.62996,                0.47152,                0.06689,                0.48756,                0.84076,                      0,                      0,                      0,                      0,                      0,                      0,                      0,                      0,                      0,                      0,                      0,                      0,                      0,               0.005611,               0.005611,               0.005611
                    136,                0.62897,                0.48389,                0.06625,                0.49204,                0.83935,                      0,                      0,                      0,                      0,                      0,                      0,                      0,                      0,                      0,                      0,                      0,                      0,                      0,               0.005578,               0.005578,               0.005578
                    137,                0.62663,                0.46293,                0.06841,                 0.4869,                 0.8407,                      0,                      0,                      0,                      0,                      0,                      0,                      0,                      0,                      0,                      0,                      0,                      0,                      0,               0.005545,               0.005545,               0.005545
                    138,                0.62663,                0.47831,                0.06888,                0.48378,                0.83942,                      0,                      0,                      0,                      0,                      0,                      0,                      0,                      0,                      0,                      0,                      0,                      0,                      0,               0.005512,               0.005512,               0.005512
                    139,                0.62847,                0.48965,                0.06768,                0.48539,                0.83962,                      0,                      0,                      0,                      0,                      0,                      0,                      0,                      0,                      0,                      0,                      0,                      0,                      0,               0.005479,               0.005479,               0.005479
                    140,                 0.6296,                0.46671,                 0.0683,                0.48391,                0.84105,                      0,                      0,                      0,                      0,                      0,                      0,                      0,                      0,                      0,                      0,                      0,                      0,                      0,               0.005446,               0.005446,               0.005446
                    141,                 0.6244,                0.46477,                0.07069,                0.48197,                0.83834,                      0,                      0,                      0,                      0,                      0,                      0,                      0,                      0,                      0,                      0,                      0,                      0,                      0,               0.005413,               0.005413,               0.005413
                    142,                0.62503,                0.43263,                0.06407,                0.48235,                0.83833,                      0,                      0,                      0,                      0,                      0,                      0,                      0,                      0,                      0,                      0,                      0,                      0,                      0,                0.00538,                0.00538,                0.00538
                    143,                0.62218,                0.45185,                0.06566,                0.47862,                0.83791,                      0,                      0,                      0,                      0,                      0,                      0,                      0,                      0,                      0,                      0,                      0,                      0,                      0,               0.005347,               0.005347,               0.005347
                    144,                0.62129,                0.45508,                0.06484,                0.48081,                0.83787,                      0,                      0,                      0,                      0,                      0,                      0,                      0,                      0,                      0,                      0,                      0,                      0,                      0,               0.005314,               0.005314,               0.005314
                    145,                0.62037,                0.45339,                 0.0667,                0.47855,                0.83681,                      0,                      0,                      0,                      0,                      0,                      0,                      0,                      0,                      0,                      0,                      0,                      0,                      0,               0.005281,               0.005281,               0.005281
                    146,                0.61925,                0.45337,                0.06932,                0.47908,                0.83772,                      0,                      0,                      0,                      0,                      0,                      0,                      0,                      0,                      0,                      0,                      0,                      0,                      0,               0.005248,               0.005248,               0.005248
                    147,                0.61933,                 0.4605,                0.06864,                0.48031,                0.83921,                      0,                      0,                      0,                      0,                      0,                      0,                      0,                      0,                      0,                      0,                      0,                      0,                      0,               0.005215,               0.005215,               0.005215
                    148,                0.62106,                0.44715,                0.06718,                0.47643,                0.83829,                      0,                      0,                      0,                      0,                      0,                      0,                      0,                      0,                      0,                      0,                      0,                      0,                      0,               0.005182,               0.005182,               0.005182
                    149,                 0.6195,                 0.4358,                0.06546,                0.47867,                0.83899,                      0,                      0,                      0,                      0,                      0,                      0,                      0,                      0,                      0,                      0,                      0,                      0,                      0,               0.005149,               0.005149,               0.005149
                    150,                0.61553,                0.44213,                0.06326,                0.47735,                0.83454,                      0,                      0,                      0,                      0,                      0,                      0,                      0,                      0,                      0,                      0,                      0,                      0,                      0,               0.005116,               0.005116,               0.005116
                    151,                0.61788,                0.44685,                0.06463,                0.47512,                0.83646,                      0,                      0,                      0,                      0,                      0,                      0,                      0,                      0,                      0,                      0,                      0,                      0,                      0,               0.005083,               0.005083,               0.005083
                    152,                0.61566,                0.43221,                0.06408,                0.47452,                0.83672,                      0,                      0,                      0,                      0,                      0,                      0,                      0,                      0,                      0,                      0,                      0,                      0,                      0,                0.00505,                0.00505,                0.00505
                    153,                0.61671,                0.43963,                0.06518,                0.47337,                0.83759,                      0,                      0,                      0,                      0,                      0,                      0,                      0,                      0,                      0,                      0,                      0,                      0,                      0,               0.005017,               0.005017,               0.005017
                    154,                0.61496,                0.46072,                0.06547,                0.47809,                0.83638,                      0,                      0,                      0,                      0,                      0,                      0,                      0,                      0,                      0,                      0,                      0,                      0,                      0,               0.004984,               0.004984,               0.004984
                    155,                0.61685,                0.43403,                0.06362,                0.47541,                0.83671,                      0,                      0,                      0,                      0,                      0,                      0,                      0,                      0,                      0,                      0,                      0,                      0,                      0,               0.004951,               0.004951,               0.004951
                    156,                0.61393,                0.43371,                0.06168,                0.47347,                0.83673,                      0,                      0,                      0,                      0,                      0,                      0,                      0,                      0,                      0,                      0,                      0,                      0,                      0,               0.004918,               0.004918,               0.004918
                    157,                0.61155,                  0.445,                 0.0642,                0.46971,                0.83338,                      0,                      0,                      0,                      0,                      0,                      0,                      0,                      0,                      0,                      0,                      0,                      0,                      0,               0.004885,               0.004885,               0.004885
                    158,                0.60558,                0.43624,                0.06324,                0.46698,                0.83353,                      0,                      0,                      0,                      0,                      0,                      0,                      0,                      0,                      0,                      0,                      0,                      0,                      0,               0.004852,               0.004852,               0.004852
                    159,                0.61558,                0.43225,                0.06348,                0.47215,                0.83489,                      0,                      0,                      0,                      0,                      0,                      0,                      0,                      0,                      0,                      0,                      0,                      0,                      0,               0.004819,               0.004819,               0.004819
                    160,                0.61403,                0.43765,                0.06635,                0.47318,                0.83436,                      0,                      0,                      0,                      0,                      0,                      0,                      0,                      0,                      0,                      0,                      0,                      0,                      0,               0.004786,               0.004786,               0.004786
                    161,                0.61441,                0.44291,                0.06364,                0.47272,                0.83552,                      0,                      0,                      0,                      0,                      0,                      0,                      0,                      0,                      0,                      0,                      0,                      0,                      0,               0.004753,               0.004753,               0.004753
                    162,                0.60809,                0.40236,                0.06199,                 0.4693,                 0.8357,                      0,                      0,                      0,                      0,                      0,                      0,                      0,                      0,                      0,                      0,                      0,                      0,                      0,                0.00472,                0.00472,                0.00472
                    163,                0.60305,                 0.4092,                 0.0606,                0.46516,                0.83409,                      0,                      0,                      0,                      0,                      0,                      0,                      0,                      0,                      0,                      0,                      0,                      0,                      0,               0.004687,               0.004687,               0.004687
                    164,                0.61045,                0.42562,                 0.0633,                0.47185,                0.83699,                      0,                      0,                      0,                      0,                      0,                      0,                      0,                      0,                      0,                      0,                      0,                      0,                      0,               0.004654,               0.004654,               0.004654
                    165,                0.60583,                0.39402,                0.06228,                 0.4656,                0.83501,                      0,                      0,                      0,                      0,                      0,                      0,                      0,                      0,                      0,                      0,                      0,                      0,                      0,               0.004621,               0.004621,               0.004621
                    166,                0.60841,                0.41456,                0.06008,                0.46682,                0.83277,                      0,                      0,                      0,                      0,                      0,                      0,                      0,                      0,                      0,                      0,                      0,                      0,                      0,               0.004588,               0.004588,               0.004588
                    167,                0.60638,                0.40215,                 0.0604,                0.46569,                0.83319,                      0,                      0,                      0,                      0,                      0,                      0,                      0,                      0,                      0,                      0,                      0,                      0,                      0,               0.004555,               0.004555,               0.004555
                    168,                0.60237,                0.39811,                0.06035,                0.46241,                0.83349,                      0,                      0,                      0,                      0,                      0,                      0,                      0,                      0,                      0,                      0,                      0,                      0,                      0,               0.004522,               0.004522,               0.004522
                    169,                0.60392,                0.40212,                0.06185,                0.46655,                0.83405,                      0,                      0,                      0,                      0,                      0,                      0,                      0,                      0,                      0,                      0,                      0,                      0,                      0,               0.004489,               0.004489,               0.004489
                    170,                0.59815,                0.37965,                0.06148,                0.45931,                0.83187,                      0,                      0,                      0,                      0,                      0,                      0,                      0,                      0,                      0,                      0,                      0,                      0,                      0,               0.004456,               0.004456,               0.004456
                    171,                0.60088,                0.40362,                0.06055,                0.46303,                 0.8325,                      0,                      0,                      0,                      0,                      0,                      0,                      0,                      0,                      0,                      0,                      0,                      0,                      0,               0.004423,               0.004423,               0.004423
                    172,                0.60222,                0.39808,                0.06292,                 0.4618,                0.83464,                      0,                      0,                      0,                      0,                      0,                      0,                      0,                      0,                      0,                      0,                      0,                      0,                      0,                0.00439,                0.00439,                0.00439
                    173,                0.59596,                0.39719,                0.06017,                0.46146,                0.83238,                      0,                      0,                      0,                      0,                      0,                      0,                      0,                      0,                      0,                      0,                      0,                      0,                      0,               0.004357,               0.004357,               0.004357
                    174,                0.60035,                0.38755,                0.05944,                0.45812,                0.82923,                      0,                      0,                      0,                      0,                      0,                      0,                      0,                      0,                      0,                      0,                      0,                      0,                      0,               0.004324,               0.004324,               0.004324
                    175,                0.59877,                  0.392,                0.05853,                0.45871,                0.83094,                      0,                      0,                      0,                      0,                      0,                      0,                      0,                      0,                      0,                      0,                      0,                      0,                      0,               0.004291,               0.004291,               0.004291
                    176,                0.59921,                0.39891,                0.06058,                0.45752,                0.83176,                      0,                      0,                      0,                      0,                      0,                      0,                      0,                      0,                      0,                      0,                      0,                      0,                      0,               0.004258,               0.004258,               0.004258
                    177,                0.59833,                 0.3731,                0.05967,                0.45861,                0.83237,                      0,                      0,                      0,                      0,                      0,                      0,                      0,                      0,                      0,                      0,                      0,                      0,                      0,               0.004225,               0.004225,               0.004225
                    178,                0.59318,                0.38726,                0.05939,                0.45889,                0.83092,                      0,                      0,                      0,                      0,                      0,                      0,                      0,                      0,                      0,                      0,                      0,                      0,                      0,               0.004192,               0.004192,               0.004192
                    179,                0.59441,                0.34871,                 0.0586,                0.45769,                0.82943,                      0,                      0,                      0,                      0,                      0,                      0,                      0,                      0,                      0,                      0,                      0,                      0,                      0,               0.004159,               0.004159,               0.004159
                    180,                0.59789,                0.40572,                0.05959,                0.45488,                0.83079,                      0,                      0,                      0,                      0,                      0,                      0,                      0,                      0,                      0,                      0,                      0,                      0,                      0,               0.004126,               0.004126,               0.004126
                    181,                0.59106,                0.35755,                0.05646,                0.45555,                0.82897,                      0,                      0,                      0,                      0,                      0,                      0,                      0,                      0,                      0,                      0,                      0,                      0,                      0,               0.004093,               0.004093,               0.004093
                    182,                0.59229,                0.37602,                0.05912,                0.45242,                0.83188,                      0,                      0,                      0,                      0,                      0,                      0,                      0,                      0,                      0,                      0,                      0,                      0,                      0,                0.00406,                0.00406,                0.00406
                    183,                0.59091,                0.38848,                0.05697,                0.45139,                0.82764,                      0,                      0,                      0,                      0,                      0,                      0,                      0,                      0,                      0,                      0,                      0,                      0,                      0,               0.004027,               0.004027,               0.004027
                    184,                0.59155,                0.38467,                0.06026,                 0.4535,                 0.8314,                      0,                      0,                      0,                      0,                      0,                      0,                      0,                      0,                      0,                      0,                      0,                      0,                      0,               0.003994,               0.003994,               0.003994
                    185,                0.58973,                0.35906,                0.05666,                0.44969,                0.82962,                      0,                      0,                      0,                      0,                      0,                      0,                      0,                      0,                      0,                      0,                      0,                      0,                      0,               0.003961,               0.003961,               0.003961
                    186,                0.59108,                0.36874,                0.05695,                0.45061,                0.82912,                      0,                      0,                      0,                      0,                      0,                      0,                      0,                      0,                      0,                      0,                      0,                      0,                      0,               0.003928,               0.003928,               0.003928
                    187,                0.58927,                 0.3662,                0.05404,                0.44777,                0.82912,                      0,                      0,                      0,                      0,                      0,                      0,                      0,                      0,                      0,                      0,                      0,                      0,                      0,               0.003895,               0.003895,               0.003895
                    188,                0.58501,                0.35773,                0.05616,                0.45074,                0.82856,                      0,                      0,                      0,                      0,                      0,                      0,                      0,                      0,                      0,                      0,                      0,                      0,                      0,               0.003862,               0.003862,               0.003862
                    189,                0.58537,                0.34511,                0.05642,                0.44735,                0.82917,                      0,                      0,                      0,                      0,                      0,                      0,                      0,                      0,                      0,                      0,                      0,                      0,                      0,               0.003829,               0.003829,               0.003829
                    190,                0.58399,                0.37522,                0.05916,                0.44901,                0.82754,                      0,                      0,                      0,                      0,                      0,                      0,                      0,                      0,                      0,                      0,                      0,                      0,                      0,               0.003796,               0.003796,               0.003796
                    191,                0.58693,                0.36269,                0.05899,                0.44835,                0.82872,                      0,                      0,                      0,                      0,                      0,                      0,                      0,                      0,                      0,                      0,                      0,                      0,                      0,               0.003763,               0.003763,               0.003763
                    192,                0.58571,                0.35941,                0.05606,                0.44816,                0.82915,                      0,                      0,                      0,                      0,                      0,                      0,                      0,                      0,                      0,                      0,                      0,                      0,                      0,                0.00373,                0.00373,                0.00373
                    193,                 0.5825,                0.33493,                0.05659,                0.44647,                0.82724,                      0,                      0,                      0,                      0,                      0,                      0,                      0,                      0,                      0,                      0,                      0,                      0,                      0,               0.003697,               0.003697,               0.003697
                    194,                0.58103,                0.34734,                 0.0569,                0.44392,                0.82626,                      0,                      0,                      0,                      0,                      0,                      0,                      0,                      0,                      0,                      0,                      0,                      0,                      0,               0.003664,               0.003664,               0.003664
                    195,                0.58155,                0.34661,                0.05591,                0.44525,                0.82952,                      0,                      0,                      0,                      0,                      0,                      0,                      0,                      0,                      0,                      0,                      0,                      0,                      0,               0.003631,               0.003631,               0.003631
                    196,                0.57873,                0.34925,                0.05517,                0.44478,                 0.8273,                      0,                      0,                      0,                      0,                      0,                      0,                      0,                      0,                      0,                      0,                      0,                      0,                      0,               0.003598,               0.003598,               0.003598
                    197,                0.58171,                0.36398,                0.05635,                0.44366,                0.82691,                      0,                      0,                      0,                      0,                      0,                      0,                      0,                      0,                      0,                      0,                      0,                      0,                      0,               0.003565,               0.003565,               0.003565
                    198,                 0.5777,                0.34894,                 0.0563,                0.44354,                0.82592,                      0,                      0,                      0,                      0,                      0,                      0,                      0,                      0,                      0,                      0,                      0,                      0,                      0,               0.003532,               0.003532,               0.003532
                    199,                0.57777,                  0.333,                0.05562,                0.44273,                0.82741,                      0,                      0,                      0,                      0,                      0,                      0,                      0,                      0,                      0,                      0,                      0,                      0,                      0,               0.003499,               0.003499,               0.003499
                    200,                  0.579,                0.34618,                0.05612,                0.44704,                0.82874,                      0,                      0,                      0,                      0,                      0,                      0,                      0,                      0,                      0,                      0,                      0,                      0,                      0,               0.003466,               0.003466,               0.003466
                    201,                0.57687,                0.34778,                0.05228,                0.44042,                  0.826,                      0,                      0,                      0,                      0,                      0,                      0,                      0,                      0,                      0,                      0,                      0,                      0,                      0,               0.003433,               0.003433,               0.003433
                    202,                 0.5718,                0.33353,                 0.0517,                 0.4348,                0.82594,                      0,                      0,                      0,                      0,                      0,                      0,                      0,                      0,                      0,                      0,                      0,                      0,                      0,                 0.0034,                 0.0034,                 0.0034
                    203,                0.57112,                 0.3081,                0.05132,                0.44118,                0.82583,                      0,                      0,                      0,                      0,                      0,                      0,                      0,                      0,                      0,                      0,                      0,                      0,                      0,               0.003367,               0.003367,               0.003367
                    204,                0.57294,                 0.3275,                0.05105,                0.43653,                0.82566,                      0,                      0,                      0,                      0,                      0,                      0,                      0,                      0,                      0,                      0,                      0,                      0,                      0,               0.003334,               0.003334,               0.003334
                    205,                0.57136,                0.31456,                 0.0523,                0.43822,                0.82491,                      0,                      0,                      0,                      0,                      0,                      0,                      0,                      0,                      0,                      0,                      0,                      0,                      0,               0.003301,               0.003301,               0.003301
                    206,                0.57145,                0.30957,                0.05146,                0.43736,                0.82509,                      0,                      0,                      0,                      0,                      0,                      0,                      0,                      0,                      0,                      0,                      0,                      0,                      0,               0.003268,               0.003268,               0.003268
                    207,                0.57173,                0.32553,                0.05436,                0.43642,                0.82578,                      0,                      0,                      0,                      0,                      0,                      0,                      0,                      0,                      0,                      0,                      0,                      0,                      0,               0.003235,               0.003235,               0.003235
                    208,                0.56622,                0.31003,                0.05389,                0.43594,                0.82393,                      0,                      0,                      0,                      0,                      0,                      0,                      0,                      0,                      0,                      0,                      0,                      0,                      0,               0.003202,               0.003202,               0.003202
                    209,                0.56686,                0.29785,                  0.052,                0.43313,                  0.822,                      0,                      0,                      0,                      0,                      0,                      0,                      0,                      0,                      0,                      0,                      0,                      0,                      0,               0.003169,               0.003169,               0.003169
                    210,                0.56848,                 0.3104,                0.05238,                 0.4317,                0.82576,                      0,                      0,                      0,                      0,                      0,                      0,                      0,                      0,                      0,                      0,                      0,                      0,                      0,               0.003136,               0.003136,               0.003136
                    211,                0.56689,                0.29619,                 0.0512,                0.43331,                0.82443,                      0,                      0,                      0,                      0,                      0,                      0,                      0,                      0,                      0,                      0,                      0,                      0,                      0,               0.003103,               0.003103,               0.003103
                    212,                0.57146,                0.32344,                0.05399,                0.43394,                0.82665,                      0,                      0,                      0,                      0,                      0,                      0,                      0,                      0,                      0,                      0,                      0,                      0,                      0,                0.00307,                0.00307,                0.00307
                    213,                0.56392,                0.30354,                0.05233,                0.43099,                0.82172,                      0,                      0,                      0,                      0,                      0,                      0,                      0,                      0,                      0,                      0,                      0,                      0,                      0,               0.003037,               0.003037,               0.003037
                    214,                0.56504,                0.31604,                0.04943,                0.43378,                0.82425,                      0,                      0,                      0,                      0,                      0,                      0,                      0,                      0,                      0,                      0,                      0,                      0,                      0,               0.003004,               0.003004,               0.003004
                    215,                 0.5649,                0.30053,                0.05189,                0.43152,                0.82352,                      0,                      0,                      0,                      0,                      0,                      0,                      0,                      0,                      0,                      0,                      0,                      0,                      0,               0.002971,               0.002971,               0.002971
                    216,                0.56751,                0.29722,                0.05137,                0.43262,                0.82444,                      0,                      0,                      0,                      0,                      0,                      0,                      0,                      0,                      0,                      0,                      0,                      0,                      0,               0.002938,               0.002938,               0.002938
                    217,                0.55973,                0.28805,                 0.0483,                 0.4253,                0.82147,                      0,                      0,                      0,                      0,                      0,                      0,                      0,                      0,                      0,                      0,                      0,                      0,                      0,               0.002905,               0.002905,               0.002905
                    218,                0.56122,                0.27931,                0.04971,                0.42658,                0.82374,                      0,                      0,                      0,                      0,                      0,                      0,                      0,                      0,                      0,                      0,                      0,                      0,                      0,               0.002872,               0.002872,               0.002872
                    219,                0.56721,                0.29707,                0.04846,                0.43093,                0.82381,                      0,                      0,                      0,                      0,                      0,                      0,                      0,                      0,                      0,                      0,                      0,                      0,                      0,               0.002839,               0.002839,               0.002839
                    220,                0.55834,                0.30999,                0.04996,                0.42718,                0.82278,                      0,                      0,                      0,                      0,                      0,                      0,                      0,                      0,                      0,                      0,                      0,                      0,                      0,               0.002806,               0.002806,               0.002806
                    221,                0.56491,                0.30437,                0.04914,                0.43171,                0.82366,                      0,                      0,                      0,                      0,                      0,                      0,                      0,                      0,                      0,                      0,                      0,                      0,                      0,               0.002773,               0.002773,               0.002773
                    222,                0.55932,                0.28335,                0.04791,                0.42744,                0.82376,                      0,                      0,                      0,                      0,                      0,                      0,                      0,                      0,                      0,                      0,                      0,                      0,                      0,                0.00274,                0.00274,                0.00274
                    223,                0.56311,                0.30822,                0.05102,                 0.4294,                0.82359,                      0,                      0,                      0,                      0,                      0,                      0,                      0,                      0,                      0,                      0,                      0,                      0,                      0,               0.002707,               0.002707,               0.002707
                    224,                0.55906,                 0.2887,                0.04999,                0.42412,                0.82459,                      0,                      0,                      0,                      0,                      0,                      0,                      0,                      0,                      0,                      0,                      0,                      0,                      0,               0.002674,               0.002674,               0.002674
                    225,                0.55572,                0.26553,                0.04805,                0.42462,                0.82323,                      0,                      0,                      0,                      0,                      0,                      0,                      0,                      0,                      0,                      0,                      0,                      0,                      0,               0.002641,               0.002641,               0.002641
                    226,                0.55807,                0.27536,                0.05007,                0.42174,                0.82361,                      0,                      0,                      0,                      0,                      0,                      0,                      0,                      0,                      0,                      0,                      0,                      0,                      0,               0.002608,               0.002608,               0.002608
                    227,                0.55417,                0.28894,                0.04738,                0.41887,                0.81998,                      0,                      0,                      0,                      0,                      0,                      0,                      0,                      0,                      0,                      0,                      0,                      0,                      0,               0.002575,               0.002575,               0.002575
                    228,                0.55062,                 0.2861,                0.04657,                0.42069,                0.82203,                      0,                      0,                      0,                      0,                      0,                      0,                      0,                      0,                      0,                      0,                      0,                      0,                      0,               0.002542,               0.002542,               0.002542
                    229,                0.55566,                0.27753,                0.04795,                0.42336,                0.82134,                      0,                      0,                      0,                      0,                      0,                      0,                      0,                      0,                      0,                      0,                      0,                      0,                      0,               0.002509,               0.002509,               0.002509
                    230,                0.54736,                0.26913,                0.04506,                0.41682,                0.82128,                      0,                      0,                      0,                      0,                      0,                      0,                      0,                      0,                      0,                      0,                      0,                      0,                      0,               0.002476,               0.002476,               0.002476
                    231,                0.55196,                 0.2647,                 0.0466,                0.41769,                0.82267,                      0,                      0,                      0,                      0,                      0,                      0,                      0,                      0,                      0,                      0,                      0,                      0,                      0,               0.002443,               0.002443,               0.002443
                    232,                0.54965,                0.28086,                0.04634,                0.41856,                0.82142,                      0,                      0,                      0,                      0,                      0,                      0,                      0,                      0,                      0,                      0,                      0,                      0,                      0,                0.00241,                0.00241,                0.00241
                    233,                0.55149,                0.26949,                0.04794,                0.41738,                0.82172,                      0,                      0,                      0,                      0,                      0,                      0,                      0,                      0,                      0,                      0,                      0,                      0,                      0,               0.002377,               0.002377,               0.002377
                    234,                0.54979,                0.26451,                0.04706,                0.41883,                0.82164,                      0,                      0,                      0,                      0,                      0,                      0,                      0,                      0,                      0,                      0,                      0,                      0,                      0,               0.002344,               0.002344,               0.002344
                    235,                0.54604,                0.26723,                 0.0449,                0.41563,                0.82065,                      0,                      0,                      0,                      0,                      0,                      0,                      0,                      0,                      0,                      0,                      0,                      0,                      0,               0.002311,               0.002311,               0.002311
                    236,                0.54786,                0.26399,                0.04634,                0.41667,                0.82016,                      0,                      0,                      0,                      0,                      0,                      0,                      0,                      0,                      0,                      0,                      0,                      0,                      0,               0.002278,               0.002278,               0.002278
                    237,                 0.5485,                0.26832,                0.04597,                0.41302,                0.82042,                      0,                      0,                      0,                      0,                      0,                      0,                      0,                      0,                      0,                      0,                      0,                      0,                      0,               0.002245,               0.002245,               0.002245
                    238,                0.54601,                0.25247,                 0.0457,                0.41219,                0.82116,                      0,                      0,                      0,                      0,                      0,                      0,                      0,                      0,                      0,                      0,                      0,                      0,                      0,               0.002212,               0.002212,               0.002212
                    239,                0.54508,                0.25852,                0.04471,                 0.4114,                0.82098,                      0,                      0,                      0,                      0,                      0,                      0,                      0,                      0,                      0,                      0,                      0,                      0,                      0,               0.002179,               0.002179,               0.002179
                    240,                0.54375,                0.24797,                0.04533,                0.40964,                0.82047,                      0,                      0,                      0,                      0,                      0,                      0,                      0,                      0,                      0,                      0,                      0,                      0,                      0,               0.002146,               0.002146,               0.002146
                    241,                0.54174,                 0.2421,                0.04498,                 0.4063,                0.81869,                      0,                      0,                      0,                      0,                      0,                      0,                      0,                      0,                      0,                      0,                      0,                      0,                      0,               0.002113,               0.002113,               0.002113
                    242,                0.53863,                0.24744,                0.04537,                0.40945,                0.82003,                      0,                      0,                      0,                      0,                      0,                      0,                      0,                      0,                      0,                      0,                      0,                      0,                      0,                0.00208,                0.00208,                0.00208
                    243,                0.54166,                0.23699,                 0.0479,                0.40882,                0.81933,                      0,                      0,                      0,                      0,                      0,                      0,                      0,                      0,                      0,                      0,                      0,                      0,                      0,               0.002047,               0.002047,               0.002047
                    244,                0.53731,                0.25223,                0.04359,                0.40562,                0.81864,                      0,                      0,                      0,                      0,                      0,                      0,                      0,                      0,                      0,                      0,                      0,                      0,                      0,               0.002014,               0.002014,               0.002014
                    245,                0.53387,                0.23967,                0.04249,                0.40407,                0.81595,                      0,                      0,                      0,                      0,                      0,                      0,                      0,                      0,                      0,                      0,                      0,                      0,                      0,               0.001981,               0.001981,               0.001981
                    246,                0.53556,                0.23964,                0.04445,                 0.4055,                0.81844,                      0,                      0,                      0,                      0,                      0,                      0,                      0,                      0,                      0,                      0,                      0,                      0,                      0,               0.001948,               0.001948,               0.001948
                    247,                0.53641,                0.24319,                0.04248,                0.40112,                 0.8175,                      0,                      0,                      0,                      0,                      0,                      0,                      0,                      0,                      0,                      0,                      0,                      0,                      0,               0.001915,               0.001915,               0.001915
                    248,                0.53167,                0.23534,                0.04069,                0.40451,                0.81893,                      0,                      0,                      0,                      0,                      0,                      0,                      0,                      0,                      0,                      0,                      0,                      0,                      0,               0.001882,               0.001882,               0.001882
                    249,                0.53179,                 0.2332,                0.04268,                0.40165,                0.81767,                      0,                      0,                      0,                      0,                      0,                      0,                      0,                      0,                      0,                      0,                      0,                      0,                      0,               0.001849,               0.001849,               0.001849
                    250,                0.53164,                0.23537,                0.04236,                  0.399,                0.81896,                      0,                      0,                      0,                      0,                      0,                      0,                      0,                      0,                      0,                      0,                      0,                      0,                      0,               0.001816,               0.001816,               0.001816
                    251,                0.52804,                0.21887,                0.04242,                0.40074,                0.81718,                      0,                      0,                      0,                      0,                      0,                      0,                      0,                      0,                      0,                      0,                      0,                      0,                      0,               0.001783,               0.001783,               0.001783
                    252,                0.52954,                0.22866,                0.04148,                0.40087,                0.81777,                      0,                      0,                      0,                      0,                      0,                      0,                      0,                      0,                      0,                      0,                      0,                      0,                      0,                0.00175,                0.00175,                0.00175
                    253,                0.52599,                0.22495,                0.04293,                0.40045,                0.81646,                      0,                      0,                      0,                      0,                      0,                      0,                      0,                      0,                      0,                      0,                      0,                      0,                      0,               0.001717,               0.001717,               0.001717
                    254,                0.52745,                0.22833,                0.04294,                0.39626,                0.81712,                      0,                      0,                      0,                      0,                      0,                      0,                      0,                      0,                      0,                      0,                      0,                      0,                      0,               0.001684,               0.001684,               0.001684
                    255,                0.52437,                  0.232,                0.04183,                0.39509,                0.81616,                      0,                      0,                      0,                      0,                      0,                      0,                      0,                      0,                      0,                      0,                      0,                      0,                      0,               0.001651,               0.001651,               0.001651
                    256,                0.52469,                0.22359,                 0.0423,                 0.3957,                0.81638,                      0,                      0,                      0,                      0,                      0,                      0,                      0,                      0,                      0,                      0,                      0,                      0,                      0,               0.001618,               0.001618,               0.001618
                    257,                0.52184,                 0.2084,                0.04103,                0.39327,                0.81662,                      0,                      0,                      0,                      0,                      0,                      0,                      0,                      0,                      0,                      0,                      0,                      0,                      0,               0.001585,               0.001585,               0.001585
                    258,                0.52231,                0.20016,                0.03963,                0.39414,                0.81567,                      0,                      0,                      0,                      0,                      0,                      0,                      0,                      0,                      0,                      0,                      0,                      0,                      0,               0.001552,               0.001552,               0.001552
                    259,                0.52392,                0.22133,                0.04098,                0.39672,                0.81672,                      0,                      0,                      0,                      0,                      0,                      0,                      0,                      0,                      0,                      0,                      0,                      0,                      0,               0.001519,               0.001519,               0.001519
                    260,                0.51969,                0.20316,                0.03975,                0.39286,                0.81533,                      0,                      0,                      0,                      0,                      0,                      0,                      0,                      0,                      0,                      0,                      0,                      0,                      0,               0.001486,               0.001486,               0.001486
                    261,                0.52162,                0.21859,                0.04216,                0.39551,                0.81591,                      0,                      0,                      0,                      0,                      0,                      0,                      0,                      0,                      0,                      0,                      0,                      0,                      0,               0.001453,               0.001453,               0.001453
                    262,                0.52121,                0.20813,                0.04088,                0.39126,                0.81676,                      0,                      0,                      0,                      0,                      0,                      0,                      0,                      0,                      0,                      0,                      0,                      0,                      0,                0.00142,                0.00142,                0.00142
                    263,                0.51451,                0.20199,                0.03934,                0.38638,                0.81379,                      0,                      0,                      0,                      0,                      0,                      0,                      0,                      0,                      0,                      0,                      0,                      0,                      0,               0.001387,               0.001387,               0.001387
                    264,                 0.5177,                0.20261,                0.03996,                0.39167,                0.81526,                      0,                      0,                      0,                      0,                      0,                      0,                      0,                      0,                      0,                      0,                      0,                      0,                      0,               0.001354,               0.001354,               0.001354
                    265,                0.51249,                0.19928,                0.03866,                0.38843,                0.81531,                      0,                      0,                      0,                      0,                      0,                      0,                      0,                      0,                      0,                      0,                      0,                      0,                      0,               0.001321,               0.001321,               0.001321
                    266,                0.51467,                0.19768,                0.03996,                  0.389,                0.81509,                      0,                      0,                      0,                      0,                      0,                      0,                      0,                      0,                      0,                      0,                      0,                      0,                      0,               0.001288,               0.001288,               0.001288
                    267,                0.51365,                0.19009,                0.03699,                0.38559,                0.81568,                      0,                      0,                      0,                      0,                      0,                      0,                      0,                      0,                      0,                      0,                      0,                      0,                      0,               0.001255,               0.001255,               0.001255
                    268,                0.51191,                0.19427,                 0.0398,                0.38635,                0.81405,                      0,                      0,                      0,                      0,                      0,                      0,                      0,                      0,                      0,                      0,                      0,                      0,                      0,               0.001222,               0.001222,               0.001222
                    269,                0.51215,                0.19573,                0.04075,                0.38662,                0.81306,                      0,                      0,                      0,                      0,                      0,                      0,                      0,                      0,                      0,                      0,                      0,                      0,                      0,               0.001189,               0.001189,               0.001189
                    270,                0.50982,                0.18311,                0.03689,                0.37991,                0.81252,                      0,                      0,                      0,                      0,                      0,                      0,                      0,                      0,                      0,                      0,                      0,                      0,                      0,               0.001156,               0.001156,               0.001156
                    271,                0.51054,                0.17945,                0.03431,                 0.3816,                0.81278,                      0,                      0,                      0,                      0,                      0,                      0,                      0,                      0,                      0,                      0,                      0,                      0,                      0,               0.001123,               0.001123,               0.001123
                    272,                0.50732,                 0.1949,                0.03454,                0.38198,                0.81411,                      0,                      0,                      0,                      0,                      0,                      0,                      0,                      0,                      0,                      0,                      0,                      0,                      0,                0.00109,                0.00109,                0.00109
                    273,                0.50603,                0.18889,                 0.0373,                0.38038,                0.81215,                      0,                      0,                      0,                      0,                      0,                      0,                      0,                      0,                      0,                      0,                      0,                      0,                      0,               0.001057,               0.001057,               0.001057
                    274,                0.50631,                0.17109,                0.03584,                   0.38,                0.81197,                      0,                      0,                      0,                      0,                      0,                      0,                      0,                      0,                      0,                      0,                      0,                      0,                      0,               0.001024,               0.001024,               0.001024
                    275,                0.50475,                0.17901,                 0.0363,                0.37953,                0.81218,                      0,                      0,                      0,                      0,                      0,                      0,                      0,                      0,                      0,                      0,                      0,                      0,                      0,               0.000991,               0.000991,               0.000991
                    276,                0.50383,                0.17308,                0.03636,                0.37946,                0.81301,                      0,                      0,                      0,                      0,                      0,                      0,                      0,                      0,                      0,                      0,                      0,                      0,                      0,               0.000958,               0.000958,               0.000958
                    277,                0.50515,                0.17742,                0.03776,                0.37894,                0.81348,                      0,                      0,                      0,                      0,                      0,                      0,                      0,                      0,                      0,                      0,                      0,                      0,                      0,               0.000925,               0.000925,               0.000925
                    278,                0.50081,                0.17981,                0.03671,                0.37585,                0.81186,                      0,                      0,                      0,                      0,                      0,                      0,                      0,                      0,                      0,                      0,                      0,                      0,                      0,               0.000892,               0.000892,               0.000892
                    279,                  0.496,                0.17398,                0.03606,                0.37217,                0.80998,                      0,                      0,                      0,                      0,                      0,                      0,                      0,                      0,                      0,                      0,                      0,                      0,                      0,               0.000859,               0.000859,               0.000859
                    280,                0.49764,                0.18277,                0.03558,                0.37101,                0.81316,                      0,                      0,                      0,                      0,                      0,                      0,                      0,                      0,                      0,                      0,                      0,                      0,                      0,               0.000826,               0.000826,               0.000826
                    281,                0.49842,                0.16977,                0.03455,                0.37303,                0.81157,                      0,                      0,                      0,                      0,                      0,                      0,                      0,                      0,                      0,                      0,                      0,                      0,                      0,               0.000793,               0.000793,               0.000793
                    282,                0.49563,                0.16674,                0.03608,                0.37447,                 0.8129,                      0,                      0,                      0,                      0,                      0,                      0,                      0,                      0,                      0,                      0,                      0,                      0,                      0,                0.00076,                0.00076,                0.00076
                    283,                0.49546,                0.17393,                 0.0358,                0.37123,                 0.8132,                      0,                      0,                      0,                      0,                      0,                      0,                      0,                      0,                      0,                      0,                      0,                      0,                      0,               0.000727,               0.000727,               0.000727
                    284,                0.49244,                0.16072,                0.03349,                0.36965,                0.81053,                      0,                      0,                      0,                      0,                      0,                      0,                      0,                      0,                      0,                      0,                      0,                      0,                      0,               0.000694,               0.000694,               0.000694
                    285,                0.49244,                 0.1632,                  0.035,                0.36925,                0.80983,                      0,                      0,                      0,                      0,                      0,                      0,                      0,                      0,                      0,                      0,                      0,                      0,                      0,               0.000661,               0.000661,               0.000661
                    286,                0.49202,                  0.162,                0.03586,                0.36471,                0.81116,                      0,                      0,                      0,                      0,                      0,                      0,                      0,                      0,                      0,                      0,                      0,                      0,                      0,               0.000628,               0.000628,               0.000628
                    287,                0.48841,                0.14617,                 0.0325,                0.36651,                0.80898,                      0,                      0,                      0,                      0,                      0,                      0,                      0,                      0,                      0,                      0,                      0,                      0,                      0,               0.000595,               0.000595,               0.000595
                    288,                0.49076,                0.16793,                0.03453,                0.36597,                0.80892,                      0,                      0,                      0,                      0,                      0,                      0,                      0,                      0,                      0,                      0,                      0,                      0,                      0,               0.000562,               0.000562,               0.000562
                    289,                0.48685,                0.16453,                0.03224,                0.36603,                0.81009,                      0,                      0,                      0,                      0,                      0,                      0,                      0,                      0,                      0,                      0,                      0,                      0,                      0,               0.000529,               0.000529,               0.000529
                    290,                 0.4872,                0.15089,                0.03436,                0.36442,                0.80919,                      0,                      0,                      0,                      0,                      0,                      0,                      0,                      0,                      0,                      0,                      0,                      0,                      0,               0.000496,               0.000496,               0.000496
                    291,                0.46722,                0.15711,                0.00791,                0.35007,                0.79682,                      0,                      0,                      0,                      0,                      0,                      0,                      0,                      0,                      0,                      0,                      0,                      0,                      0,               0.000463,               0.000463,               0.000463
                    292,                0.46181,                0.15174,                0.01005,                0.34273,                0.79495,                      0,                      0,                      0,                      0,                      0,                      0,                      0,                      0,                      0,                      0,                      0,                      0,                      0,                0.00043,                0.00043,                0.00043
                    293,                0.46053,                0.15422,                0.00895,                0.33976,                0.79664,                      0,                      0,                      0,                      0,                      0,                      0,                      0,                      0,                      0,                      0,                      0,                      0,                      0,               0.000397,               0.000397,               0.000397
                    294,                0.45832,                0.14577,                 0.0085,                0.34171,                0.79538,                      0,                      0,                      0,                      0,                      0,                      0,                      0,                      0,                      0,                      0,                      0,                      0,                      0,               0.000364,               0.000364,               0.000364
                    295,                0.45563,                  0.153,                0.01006,                0.33816,                0.79577,                      0,                      0,                      0,                      0,                      0,                      0,                      0,                      0,                      0,                      0,                      0,                      0,                      0,               0.000331,               0.000331,               0.000331
                    296,                 0.4551,                0.14322,                0.00881,                0.33686,                0.79532,                      0,                      0,                      0,                      0,                      0,                      0,                      0,                      0,                      0,                      0,                      0,                      0,                      0,               0.000298,               0.000298,               0.000298
                    297,                0.45434,                0.15232,                0.00773,                0.33635,                0.79434,                      0,                      0,                      0,                      0,                      0,                      0,                      0,                      0,                      0,                      0,                      0,                      0,                      0,               0.000265,               0.000265,               0.000265
                    298,                0.45195,                0.14067,                0.00833,                 0.3351,                0.79629,                      0,                      0,                      0,                      0,                      0,                      0,                      0,                      0,                      0,                      0,                      0,                      0,                      0,               0.000232,               0.000232,               0.000232
                    299,                0.44833,                0.14028,                  0.008,                0.33068,                0.79483,                      0,                      0,                      0,                      0,                      0,                      0,                      0,                      0,                      0,                      0,                      0,                      0,                      0,               0.000199,               0.000199,               0.000199
                    300,                0.44733,                 0.1441,                0.00869,                0.33147,                 0.7943,                0.91701,                0.90502,                 0.9572,                0.85678,                0.90987,                0.89416,                0.94605,                0.94069,                0.43749,                0.15288,                0.00108,                0.66493,                0.78308,               0.000166,               0.000166,               0.000166
